{
  "project_info": {
    "project_number": "475733276071",
    "project_id": "project-2-baa43",
    "storage_bucket": "project-2-baa43.appspot.com"
  },
  "client": [
    {
      "client_info": {
        "mobilesdk_app_id": "1:475733276071:android:faba931190b68bba4d7282",
        "android_client_info": {
          "package_name": "com.tutorial.project_2"
        }
      },
      "oauth_client": [
        {
          "client_id": "475733276071-jlg3kuviocrs06unvmqh3jth8mqgh2vl.apps.googleusercontent.com",
          "client_type": 1,
          "android_info": {
            "package_name": "com.tutorial.project_2",
            "certificate_hash": "d0bc41d6a95ab70e3cb36232adccbb3daff8678b"
          }
        },
        {
          "client_id": "475733276071-8d7n18g5igtgb4bmsjdp03mh8bcm7arl.apps.googleusercontent.com",
          "client_type": 3
        }
      ],
      "api_key": [
        {
          "current_key": "AIzaSyAYFWj4Ix-11ktyTId9MNZeULf3cAfbMKs"
        }
      ],
      "services": {
        "appinvite_service": {
          "other_platform_oauth_client": [
            {
              "client_id": "475733276071-8d7n18g5igtgb4bmsjdp03mh8bcm7arl.apps.googleusercontent.com",
              "client_type": 3
            }
          ]
        }
      }
    }
  ],
  "configuration_version": "1"
}